time,pitch
0.0035415850710742713,28.779492854725046
0.010624755213222807,30.71881346376192
0.017707925355371343,32.50481421998928
0.024791095497519886,33.24502071551379
0.031874265639668414,34.226282148660985
0.03895743578181696,34.35210294588106
0.0460406059239655,34.29246378302994
0.05312377606611403,33.1082497346957
0.06020694620826257,32.60709230705121
0.06729011635041111,31.989262695721226
